<?xml version="1.0" encoding="UTF-8"?>
<beans xmlns="http://www.springframework.org/schema/beans"
	xmlns:xsi="http://www.w3.org/2001/XMLSchema-instance"
	xsi:schemaLocation="http://www.springframework.org/schema/beans https://www.springframework.org/schema/beans/spring-beans.xsd">
	
	<!-- Root Context: defines shared resources visible to all other web components -->
	
	<!-- DB 연결 설정 -->
	<!-- 1단계. DB연결을 위한 도구 설정 -->
	<bean class="org.apache.commons.dbcp.BasicDataSource" id="dataSource" destroy-method="close">
		<!-- 어느 DB에 접속할것인지 설정 -->
		<property name="driverClassName" value="oracle.jdbc.driver.OracleDriver"/>
		<property name="url" value="jdbc:oracle:thin:@localhost:1521:xe"/>
		<property name="username" value="MECENAT"/>
		<property name="password" value="MECENAT"/>
	</bean>		
	
	 <!-- 2단계. Mybatis Spring에서 제공하는 SQL 명령어 실행을 위한 도구 등록 -->
	 <bean class="org.mybatis.spring.SqlSessionFactoryBean" id="sqlSessionFactory">
	 	<!-- mybatis 설정파일의 위치를 설정(src/main/resources)하여 설정값을 가져오겠다.
	 		이때 classpath: 구문이 resources 폴더를 의미한다. -->
	 	<property name="configLocation" value="classpath:mybatis-config.xml"/>
	 	<!-- 연결을 위한 도구 참조(위에서 만든 dataSource Bean을 참조) -->
	 	<property name="dataSource" ref="dataSource"/>
	 </bean>
	 
  	<!-- 3단계. SQL 구문 실행을 위한 템플릿을 제공하는 도구 등록 -->
	<bean class="org.mybatis.spring.SqlSessionTemplate" id="sqlSession">
		<!-- SQL명령어 실행을 위한 도구에 대한 참조 설정 -->
		<constructor-arg ref="sqlSessionFactory"/>		
	</bean>
	
	<!-- 파일 업로드를 위한 도구 등록 -->
	 <bean class="org.springframework.web.multipart.commons.CommonsMultipartResolver" id="multipartResolver">
	 	<!-- defaultEncoding : 업로드 되는 파일에 대해 인코딩 처리르 어떻게 할 것인지 지정하는 속성 -->
	 	<property name="defaultEncoding" value="UTF-8"></property>
	 	<property name="maxUploadSize" value="10000000" />
	 	<property name="maxUploadSizePerFile"  value="10000000"/>
	 </bean>	
	 
	<!-- google email -->
	<bean id="mailSender" class="org.springframework.mail.javamail.JavaMailSenderImpl">
	    <property name="host" value="smtp.gmail.com" />
	    <property name="port" value="587" />
	    <property name="username" value="hejin28739@gmail.com" />
	    <property name="password" value="password"/>
	    <property name="javaMailProperties">
	        <props>
	            <prop key="mail.transport.protocol">smtp</prop>
	            <prop key="mail.smtp.auth">true</prop>
	            <prop key="mail.smtp.starttls.enable">true</prop>
	            <prop key="mail.debug">true</prop>
	        </props>
	    </property>
	</bean>
	 
</beans>
