<?xml version="1.0" encoding="UTF-8"?>
<!DOCTYPE mapper PUBLIC "-//mybatis.org//DTD Mapper 3.0//EN" "mybatis-3-mapper.dtd" >
<mapper namespace="noticeMapper">

	<resultMap type="notice" id="noticeResultSet">
		<result column="NOTICE_NO" property="noticeNo"/>
		<result column="BOARD_CODE" property="boardCode"/>
		<result column="BOARD_NAME" property="boardName"/>
		<result column="USER_ID" property="userId"/>
		<result column="NOTICE_TITLE" property="noticeTitle"/>
		<result column="NOTICE_CONTENT" property="noticeContent"/>
		<result column="ORIGIN_NAME" property="originName"/>
		<result column="CHANGE_NAME" property="changeName"/>
		<result column="NOTICE_DATE" property="noticeDate"/>
		<result column="STATUS" property="status"/>
		<result column="NOTICE_COUNT" property="noticeCount"/>
		<result column="SEARCH_WORD" property="searchWord"/>
	</resultMap>
	
	<resultMap type="noticeType" id="noticeTypeResultSet">
		<result column="BOARD_CODE" property="boardCode"/>
		<result column="BOARD_NAME" property="boardName"/>
	</resultMap>
	
	<select id="selectCategoryList" resultMap="noticeTypeResultSet">
		SELECT BOARD_CODE,
			   BOARD_NAME
		FROM NOTICE_TYPE
	</select>
	
	<!-- 공지사항 개수 조회 -->
	<select id="selectListCount" resultType="_int">
		SELECT COUNT(*)
		FROM NOTICE
		WHERE STATUS = 'Y'
		AND BOARD_CODE = #{boardCode}
	</select>
	
	<!-- 공지사항 리스트 조회 -->
	<select id="selectList" resultMap="noticeResultSet">
		SELECT NOTICE_NO,
				USER_ID,
				BOARD_CODE,
				BOARD_NAME,
				NOTICE_TITLE,
				ORIGIN_NAME,
				NOTICE_DATE,
				NOTICE_COUNT
		FROM NOTICE 
        JOIN NOTICE_TYPE USING (BOARD_CODE)
		WHERE STATUS = 'Y' 
		AND BOARD_CODE LIKE '%'||#{boardCode}||'%'
		ORDER BY NOTICE_NO DESC
	</select>
	
	<!-- 공지사항 조회수 업데이트 -->
	<update id="increaseCount">
		UPDATE NOTICE
		SET NOTICE_COUNT = NOTICE_COUNT + 1
		WHERE NOTICE_NO = #{nno}
		AND STATUS = 'Y'
	</update>
	
	<!-- 공지사항 게시글 하나 조회 -->
	<select id="selectBoard" resultMap="noticeResultSet">
		SELECT NOTICE_NO,
				USER_ID,
				BOARD_CODE,
				NOTICE_TITLE,
				NOTICE_CONTENT,
				NOTICE_DATE,
				ORIGIN_NAME,
				CHANGE_NAME,
				NOTICE_COUNT,
				STATUS
		FROM NOTICE 
		WHERE STATUS = 'Y' 
		AND NOTICE_NO = #{nno}
		ORDER BY NOTICE_NO DESC
	
	</select>
	
	<!-- 공지사항 등록 -->
	<insert id="insertNotice">
		
		INSERT INTO NOTICE(
					NOTICE_NO,
					BOARD_CODE,
					NOTICE_TITLE,
					NOTICE_CONTENT,
					USER_ID,
					NOTICE_DATE,
					NOTICE_COUNT,
					ORIGIN_NAME,
					CHANGE_NAME)
					
					VALUES(SEQ_NOTICENO.NEXTVAL
							,#{boardCode}
							,#{noticeTitle}
							,#{noticeContent}
							,#{userId}
							,SYSDATE
							,#{noticeCount}
							,#{originName}
							,#{changeName})
	
	</insert>
	
	<!-- 공지사항 게시글 삭제 -->
	<update id="deleteNotcie">
		UPDATE NOTICE
		SET STATUS = 'N'
		WHERE NOTICE_NO = #{noticeNo}
		AND STATUS = 'Y'
	</update>
	
	<!-- 공지사항 게시글 수정 -->
	<update id="updateNotice">
		UPDATE NOTICE
		SET NOTICE_TITLE = #{noticeTitle}
		   ,BOARD_CODE = #{boardCode}
		   ,NOTICE_CONTENT = #{noticeContent}
		   ,ORIGIN_NAME = #{originName}
		   ,CHANGE_NAME = #{changeName}
		WHERE NOTICE_NO = #{noticeNo}
		AND STATUS = 'Y'
	</update>
	
	<!-- 공지사항 검색 -->
	<select id="search" resultMap="noticeResultSet">
		SELECT *
		FROM NOTICE
		JOIN NOTICE_TYPE USING (BOARD_CODE)
		WHERE STATUS = 'Y'
		AND NOTICE_TITLE LIKE '%'||#{searchWord}||'%'
		ORDER BY NOTICE_NO DESC

	</select>
	
	<!-- 공지사항 검색 개수 조회 -->
	<select id="selectSearchCount" resultType="_int">
		SELECT COUNT(*)
		FROM NOTICE
		WHERE STATUS = 'Y'
		AND NOTICE_TITLE LIKE '%'||#{searchWord}||'%'
		AND BOARD_CODE = #{boardCode}
	</select>
	
	<!-- 메인페이지 최신뉴스 조회 -->
	<select id="latestNews" resultMap="noticeResultSet">
		SELECT NOTICE_NO,
			   BOARD_CODE,
			   BOARD_NAME,
			   NOTICE_TITLE,
			   NOTICE_DATE,
			   STATUS
		FROM NOTICE
		JOIN NOTICE_TYPE USING (BOARD_CODE)
		WHERE STATUS = 'Y' 
	    AND BOARD_CODE = #{boardCode}
		ORDER BY NOTICE_DATE
	</select>
	
	<!-- 푸터 페이지 게시판 조회 -->
	<select id="footerNotice" resultMap="noticeResultSet">
		<![CDATA[
		SELECT DISTINCT NOTICE_NO, BOARD_NAME, NOTICE_TITLE, NOTICE_DATE, STATUS
		FROM NOTICE
		JOIN NOTICE_TYPE USING (BOARD_CODE)
		WHERE STATUS = 'Y' 
		AND ROWNUM < 6
		ORDER BY NOTICE_DATE
		]]>
	</select>
	
	

</mapper>