<?xml version="1.0" encoding="UTF-8"?>
<!DOCTYPE mapper PUBLIC "-//mybatis.org//DTD Mapper 3.0//EN" "mybatis-3-mapper.dtd" >
<mapper namespace="reservationMapper">
	<resultMap type="performance" id="performanceResult">
		<result column="PERFO_NO" property="perfoNo"/>
		<result column="RENTAL_CODE" property="rentalCode"/>
		<result column="PERFO_TITLE" property="perfoTitle"/>
		<result column="GENRE_NAME" property="genreName"/>
		<result column="PERFO_DATE" property="perfoDate"/>
		<result column="PERFO_EVENT_DATE" property="perfoEventDate"/>
		<result column="DIRECTOR" property="director"/>
		<result column="CAST" property="cast"/>
		<result column="PERFO_CONTENT" property="perfoContent"/>
		<result column="START_TIME" property="startTime"/>
		<result column="RUNNING_TIME" property="runningTime"/>
		<result column="AGE_LIMIT" property="ageLimit"/>
		<result column="PERFO_STATUS" property="perfoStatus"/>
		<result column="PRICE" property="price"/>
		<result column="PERFO_DELETE_STATUS" property="perfoDeleteStatus"/>
		<result column="ORIGIN_NAME" property="originName"/>
		<result column="CHANGE_NAME" property="changeName"/>
		<result column="HALL_NAME" property="hallName"/>
	</resultMap>
	
	<resultMap type="rentapplication" id="rentapplicationResult">
		<result column="RENTAL_CODE" property="rentalCode"/>
		<result column="USER_ID" property="userId"/>
		<result column="HALL_NAME" property="hallName"/>
		<result column="COVENANTEE_NAME" property="covenanteeName"/>
		<result column="COVENANTEE_PHONE" property="covenanteePhone"/>
		<result column="AGENT_NAME" property="agentName"/>
		<result column="AGENT_PHONE" property="agentPhone"/>
		<result column="AGENT_EMAIL" property="agentEmail"/>
		<result column="RENTAL_START_DATE" property="rentalStartDate"/>
		<result column="RENTAL_END_DATE" property="rentalEndDate"/>
		<result column="EVENT_DATE" property="eventDate"/>
		<result column="EVENT_TIME" property="eventTime"/>
		<result column="RENTAL_PROPOSE" property="rentalPropose"/>
		<result column="RENTAL_DATE" property="rentalDate"/>
		<result column="APPROVE_STATUS" property="approveStatus"/>
	</resultMap>

	<resultMap type="hall" id="hallResult">
		<result column="HALL_NAME" property="hallName"/>
		<result column="HALL_SEATS" property="hallSeats"/>
		<result column="HALL_LOCATION" property="hallLocation"/>
	</resultMap>
	
	<resultMap type="rentsystem" id="rentsystemResult">
		<result column="RENTAL_CODE" property="rentalCode"/>
		<result column="USER_ID" property="userId"/>
		<result column="PERFO_NO" property="perfoNo"/>		
		<result column="HALL_STATUS" property="hallStatus"/>
	</resultMap>
	
	<resultMap type="payment" id="paymentResult">
		<result column="PAYMENT_NO" property="paymentNo"/>
		<result column="USER_ID" property="userId"/>
		<result column="PAYMENT_METHOD" property="paymentMethod"/>
		<result column="PAYMENT_DATE" property="paymentDate"/>
		<result column="PAYMENT_STATUS" property="paymentStatus"/>
		<result column="PAYMENT_AMOUNT" property="paymentAmount"/>
		<result column="DEPOSIT_NAME" property="depositName"/>
		<result column="DEPOSIT_BANK" property="depositBank"/>
		<result column="CARDCOMPANY_CODE" property="cardCompanyCode"/>
		<result column="CARD_NO" property="cardNo"/>
	</resultMap>

	<resultMap type="purchase" id="purchaseResult">
		<result column="PURCHASE_NO" property="purchaseNo"/>
		<result column="USER_ID" property="userId"/>
		<result column="PERFO_TITLE" property="perfoTitle"/>
		<result column="HALL_NAME" property="hallName"/>
		<result column="SEAT_LIST" property="seatList"/>
		<result column="PAYMENT_NO" property="paymentNo"/>
		<result column="PERFO_NO" property="perfoNo"/>
		<result column="CUSTOMERSERVICE_STATUS" property="customerserviceStatus"/>
		<result column="PURCHASE_DATE" property="purchaseDate"/>
		<result column="RESERVATION_DATE" property="reservationDate"/>
		<result column="PERFO_START_TIME" property="perfoStartTime"/>
		<result column="SEAT_PRICE" property="seatPrice"/>
		<result column="CHANGE_NAME" property="changeName"/>
	</resultMap>
	
	<resultMap type="seat" id="seatResult">
		<result column="SEAT_NO" property="seatNo"/>
		<result column="SEAT_CODE" property="seatCode"/>
		<result column="HALL_NAME" property="hallName"/>
		<result column="SEAT_TIER" property="seatTier"/>
		<result column="SEAT_PRICE" property="seatPrice"/>
		<result column="SEAT_STATUS" property="seatStatus"/>
	</resultMap>

	<!-- #혜원만제 - 대관신청서 insert -->
	<insert id="insertApplication">
		INSERT INTO RENTAPPLICATION(RENTAL_CODE
								  , USER_ID
								  , HALL_NAME
								  , COVENANTEE_NAME
							      , COVENANTEE_PHONE
								  , AGENT_NAME
								  , AGENT_PHONE
								  , AGENT_EMAIL
								  , RENTAL_START_DATE
								  , RENTAL_END_DATE
								  , EVENT_DATE
								  , EVENT_TIME
								  , RENTAL_PROPOSE
								  , RENTAL_DATE
								  , APPROVE_STATUS)
	    VALUES(SEQ_RENTALNO.NEXTVAL
			, #{userId}
			, #{hallName}
			, #{covenanteeName}
			, #{covenanteePhone}
			, #{agentName}
			, #{agentPhone}
			, #{agentEmail}
			, #{rentalStartDate}
			, #{rentalEndDate}
			, #{eventDate}
			, #{eventTime}
			, #{rentalPropose}
			, SYSDATE
			, '승인대기')
	</insert>
	
	<!-- #혜원만제 - 전체 공연리스트 조회(조정중) -->
	<select id="selectPerformanceList" resultMap="performanceResult">
		SELECT P.*, HALL_NAME
		FROM PERFORMANCE P
		JOIN RENTAPPLICATION R ON(P.RENTAL_CODE=R.RENTAL_CODE)
		WHERE P.RENTAL_CODE = #{rentalCode}
		AND APPROVE_STATUS = '승인'
		AND PERFO_DELETE_STATUS = 'Y'
		ORDER BY P.PERFO_EVENT_DATE
	</select>
	
	<!-- #혜원만제 - 예매할 공연 선택 후 공연번호로 공연 전체 정보 조회 -->
	<select id="selectPerformance" resultMap="performanceResult">
		SELECT *
		FROM PERFORMANCE
		WHERE PERFO_NO = #{perfoNo}
		AND PERFO_STATUS = '공연중'
		AND PERFO_DELETE_STATUS = 'Y'
	</select>
	
	<!-- #혜원만제 - 특정 공연의 정보 가져오기 -->
	<select id="selectRentApplication1" resultMap="rentapplicationResult">
		SELECT * 
		FROM RENTAPPLICATION 
		WHERE RENTAL_CODE = #{rentalCode}
	</select>
	
	<!-- #혜원만제 - 해당 공연의 판매된 전체 좌석 -->
	<select id="selectSoldOutSeats" resultType="String">
		SELECT SEAT_LIST
		FROM PURCHASE
		WHERE PERFO_NO = #{perfoNo}
	</select>
	
	<!-- #혜원만제 - 해당 홀의 전체 좌석 조회 -->
	<select id="selectAllSeats" resultMap="seatResult">
		SELECT *
		FROM SEAT
		WHERE HALL_NAME = #{hallName}
	</select>
	
	<!-- #혜원만제 - 공연장 선택 시 해당 공연장 전체 정보 조회 -->
	<select id="selectHallInfo" resultMap="hallResult">
		SELECT *
		FROM HALL
		WHERE HALL_NAME = #{hallName}
	</select>
	
	<!-- #혜원만제 - 해당날짜 및 렌탈코드로 공연 정보 조회해 예매페이지로 전달 -->
	<select id="getReservationPerformance" resultMap="performanceResult">
		SELECT *
		FROM PERFORMANCE
		WHERE PERFO_EVENT_DATE = #{perfoEventDate}
		AND RENTAL_CODE = #{rentalCode}
		AND PERFO_DELETE_STATUS = 'Y' 
	</select>
	
	<!-- #혜원만제 - 홀 좌석 수 조회 -->
	<select id="getHallSeats" resultMap="hallResult">
		SELECT HALL_SEATS
		FROM HALL
		WHERE HALL_NAME = #{hallName}
	</select>
	
	<!-- #혜원만제 - 예매완료된 좌석 조회 -->
	<select id="getPurchaseSeats" resultType="_int">
		SELECT COUNT(*)
		FROM PURCHASE
		WHERE PERFO_NO = #{perfoNo}
	</select>
	
	<!-- #혜원만제 - 선택한 좌석 뒷사람이 못고르게 막기 -->
	<insert id="blockSeats">
		INSERT INTO PURCHASE (PURCHASE_NO
							, USER_ID
							, SEAT_LIST
							, PERFO_NO)
		VALUES(SEQ_PURCHASENO.NEXTVAL
			 , #{userId}
			 , #{seatList}
			 , #{perfoNo})
	</insert>
	
<!-- =================================================================================== -->
	<select id="selectPurchaseOne" resultMap="purchaseResult">
		SELECT * 
		FROM PURCHASE
		WHERE PURCHASE_NO = #{purchaseNo}
	</select>

	<!-- 관리자(유리) -->
	<select id="selectRentalApplicationR" resultMap="rentapplicationResult">
		SELECT * FROM RENTAPPLICATION
		WHERE RENTAL_CODE = #{rno}
	</select>

	<!--  관리자)승인대기중인 list조회  -->
	<select id="selectRentalApplication" resultMap="rentapplicationResult"> 
		SELECT *
		FROM RENTAPPLICATION
		WHERE APPROVE_STATUS != '등록'
	</select>
	
	<!-- 승인관리 -->
	<update id="updateApproveStatus">
		UPDATE RENTAPPLICATION
		SET APPROVE_STATUS='승인'
		WHERE RENTAL_CODE = #{rno}
	</update>
	<update id="updateCancelStatus">
		UPDATE RENTAPPLICATION
		SET APPROVE_STATUS='승인대기'
		WHERE RENTAL_CODE = #{rno}
	</update>
	<update id="nopePerformance">
		UPDATE RENTAPPLICATION
		SET APPROVE_STATUS='미승인'
		WHERE RENTAL_CODE = #{rno}
	</update>
	
<!-- 	혜원_mypage에서  세부 내역 조회시 필요함 -->
	<select id="selectDateList" resultMap="purchaseResult">
		SELECT PC.USER_ID, PC.PERFO_NO, PC.PERFO_TITLE, PF.CHANGE_NAME, PC.PURCHASE_DATE, PC.CUSTOMERSERVICE_STATUS, PC.SEAT_LIST, PC.RESERVATION_DATE, PC.SEAT_PRICE, PC.PURCHASE_NO, PC.HALL_NAME
		FROM PURCHASE PC
		JOIN PERFORMANCE PF ON(PF.PERFO_NO = PC.PERFO_NO)
		WHERE PAYMENT_NO = #{paymentNo} 
		ORDER BY PURCHASE_NO
	</select>
	
	<!-- update status 변경해야함(등록으로) -->
	<update id="updateRentalAppStatus">
		UPDATE RENTAPPLICATION
		SET APPROVE_STATUS='등록'
		WHERE RENTAL_CODE= #{rno}
	</update>
	
	<update id="updatePurchaseone">
		UPDATE PURCHASE
		SET CUSTOMERSERVICE_STATUS = #{customerserviceStatus}
		WHERE PURCHASE_NO = #{purchaseNo}
	</update>
	
	<select id="adminAnswerRefund" resultMap="purchaseResult">
		SELECT * FROM PURCHASE
		WHERE CUSTOMERSERVICE_STATUS = #{customerserviceStatus}
		<if test="customerserviceStatus=='환불완료'">
		OR CUSTOMERSERVICE_STATUS = '환불거절'
  		</if>
		ORDER BY RESERVATION_DATE
	</select>
	
</mapper>
