<?xml version="1.0" encoding="UTF-8"?>
<beans:beans xmlns="http://www.springframework.org/schema/mvc"
	xmlns:xsi="http://www.w3.org/2001/XMLSchema-instance"
	xmlns:beans="http://www.springframework.org/schema/beans"
	xmlns:context="http://www.springframework.org/schema/context"
	xsi:schemaLocation="http://www.springframework.org/schema/mvc https://www.springframework.org/schema/mvc/spring-mvc.xsd
		http://www.springframework.org/schema/beans https://www.springframework.org/schema/beans/spring-beans.xsd
		http://www.springframework.org/schema/context https://www.springframework.org/schema/context/spring-context.xsd">

	<!-- DispatcherServlet Context: defines this servlet's request-processing infrastructure -->
	
	<!-- Enables the Spring MVC @Controller programming model -->
	<annotation-driven />

	<!-- Handles HTTP GET requests for /resources/** by efficiently serving up static resources in the ${webappRoot}/resources directory -->
	<resources mapping="/resources/**" location="/resources/" />
	
	<!-- 추가 -->
	<resources mapping="/resources/css/**" location="/resources/css/" />
	<resources mapping="/resources/img/**" location="/resources/img/" />
	<resources mapping="/resources/js/**" location="/resources/js/" />
	<resources mapping="/resources/fonts/**" location="/resources/fonts/" />
	<resources mapping="/resources/performanceFiles/**" location="/resources/performanceFiles/" />
	<resources mapping="/resources/sass/**" location="/resources/sass/" /> 
	
	

	<!-- Resolves views selected for rendering by @Controllers to .jsp resources in the /WEB-INF/views directory -->
	<beans:bean class="org.springframework.web.servlet.view.InternalResourceViewResolver">
		<beans:property name="prefix" value="/WEB-INF/views/" />
		<beans:property name="suffix" value=".jsp" />
	</beans:bean>
	
	<context:component-scan base-package="com.kh.mecenat" />
	
	<!-- 인터셉터 -->
	<interceptors>
		<interceptor>
			<mapping path="/myPage.me"/>
			<mapping path="/delete.me"/>
			<mapping path="/updatePwd.me"/>
			<mapping path="/application.rv"/>
<!-- 			<mapping path="/make.rv"/> -->
<!-- 			<mapping path="/perfoNum.rv"/> -->
<!-- 			<mapping path="/selectSeats.rv"/> -->
<!-- 			<mapping path="/discount.rv"/> -->
<!-- 			<mapping path="/payment.rv"/> -->
			<beans:bean class="com.kh.mecenat.common.LoginInterceptor" id="loginInterceptor"/>
		</interceptor>
	</interceptors>
	
	
	
</beans:beans>
